Wavelength[nm],Intensity[normalized],Phase[rad]
450.17,0.00121465,-1.02009330
450.63,0.00107376,-0.93540020
451.09,0.00111741,-0.85655038
451.55,0.00116637,-0.78358346
452.01,0.00109808,-0.71605055
452.47,0.00096835,-0.65399087
452.93,0.00084163,-0.59793170
453.39,0.00071273,-0.54693531
453.85,0.00075739,-0.50250515
454.31,0.00111484,-0.46272653
454.77,0.00162762,-0.42812596
455.23,0.00220262,-0.39971807
455.69,0.00277987,-0.37656415
456.15,0.00314716,-0.35870186
456.61,0.00326694,-0.34665697
457.07,0.00344743,-0.34046679
457.53,0.00388485,-0.33870358
457.99,0.00424387,-0.34286913
458.44,0.00429999,-0.35251189
458.90,0.00438137,-0.36669187
459.36,0.00466108,-0.38544547
459.82,0.00498942,-0.40832061
460.28,0.00534189,-0.43584160
460.74,0.00575071,-0.46657947
461.20,0.00613395,-0.49959333
461.66,0.00651775,-0.53491869
462.12,0.00714858,-0.57063776
462.58,0.00813988,-0.60629741
463.04,0.00909618,-0.64242093
463.50,0.00950371,-0.67757828
463.96,0.00944228,-0.71180413
464.42,0.00936759,-0.74464468
464.88,0.00956658,-0.77515767
465.34,0.01003395,-0.80240071
465.79,0.01059890,-0.82640778
466.25,0.01107697,-0.84574785
466.71,0.01132811,-0.86045460
467.17,0.01146058,-0.87056152
467.63,0.01158387,-0.87512539
468.09,0.01168422,-0.87271454
468.55,0.01191370,-0.86385027
469.01,0.01222572,-0.85051858
469.47,0.01251033,-0.83324045
469.93,0.01293643,-0.81156014
470.38,0.01355056,-0.78697490
470.84,0.01423560,-0.75951696
471.30,0.01489075,-0.73117155
471.76,0.01540139,-0.70148231
472.22,0.01569498,-0.67243415
472.68,0.01592618,-0.64357043
473.14,0.01627970,-0.61638747
473.60,0.01673706,-0.59091661
474.05,0.01737515,-0.56865389
474.51,0.01820070,-0.54963033
474.97,0.01904816,-0.53485341
475.43,0.01994821,-0.52435387
475.89,0.02078749,-0.51962717
476.35,0.02128470,-0.52314516
476.81,0.02155818,-0.53200849
477.26,0.02191803,-0.54673562
477.72,0.02245401,-0.56638002
478.18,0.02320745,-0.59292471
478.64,0.02414663,-0.62395805
479.10,0.02495200,-0.65902138
479.56,0.02539718,-0.69667933
480.01,0.02565968,-0.73647298
480.47,0.02609090,-0.77745497
480.93,0.02686912,-0.81867781
481.39,0.02786643,-0.85968217
481.85,0.02887118,-0.89854373
482.30,0.02965407,-0.93529116
482.76,0.02999792,-0.96848817
483.22,0.03010096,-0.99767488
483.68,0.03042654,-1.02239130
484.14,0.03101015,-1.04168902
484.60,0.03152635,-1.05315465
485.05,0.03195327,-1.05828093
485.51,0.03255610,-1.05709564
485.97,0.03320981,-1.04913813
486.43,0.03358540,-1.03492419
486.88,0.03397698,-1.01057498
487.34,0.03485021,-0.98051228
487.80,0.03602236,-0.94622809
488.26,0.03704529,-0.90774942
488.72,0.03772285,-0.86705629
489.17,0.03815316,-0.82368721
489.63,0.03864952,-0.77962194
490.09,0.03939768,-0.73537530
490.55,0.04011491,-0.69195028
491.00,0.04053063,-0.64986144
491.46,0.04089645,-0.61059981
491.92,0.04151207,-0.57516802
492.38,0.04238857,-0.54310372
492.83,0.04342220,-0.51687415
493.29,0.04441579,-0.49796987
493.75,0.04513052,-0.48592818
494.21,0.04544386,-0.48077458
494.66,0.04551085,-0.48253443
495.12,0.04574650,-0.49074470
495.58,0.04626383,-0.51031336
496.04,0.04681491,-0.53687091
496.49,0.04740439,-0.56897742
496.95,0.04812825,-0.60616942
497.41,0.04897158,-0.64749505
497.87,0.04999589,-0.69249063
498.32,0.05109200,-0.73971579
498.78,0.05195066,-0.78870662
499.24,0.05252430,-0.83899912
499.69,0.05299919,-0.88866433
500.15,0.05336678,-0.93723800
500.61,0.05361935,-0.98425583
501.06,0.05406589,-1.02876508
501.52,0.05500711,-1.07030122
501.98,0.05628603,-1.10742303
502.44,0.05746647,-1.13722438
502.89,0.05852384,-1.16265837
503.35,0.05970087,-1.18228349
503.81,0.06084112,-1.19612298
504.26,0.06172788,-1.20419995
504.72,0.06241714,-1.20360774
505.18,0.06293724,-1.19681069
505.63,0.06336956,-1.18480819
506.09,0.06389230,-1.16811125
506.55,0.06459514,-1.14674249
507.00,0.06538630,-1.12170102
507.46,0.06603282,-1.09252098
507.92,0.06654968,-1.06068957
508.37,0.06723084,-1.02622902
508.83,0.06819748,-0.99013804
509.29,0.06929055,-0.95292698
509.74,0.07033341,-0.91559434
510.20,0.07146064,-0.87718542
510.66,0.07287804,-0.83869858
511.11,0.07424597,-0.80015547
511.57,0.07517193,-0.76255425
512.02,0.07589108,-0.72591641
512.48,0.07671061,-0.69026336
512.94,0.07759999,-0.65610468
513.39,0.07858857,-0.62346159
513.85,0.07981888,-0.59284351
514.31,0.08118840,-0.56573633
514.76,0.08253131,-0.53971958
515.22,0.08379919,-0.51579070
515.67,0.08500399,-0.49299389
516.13,0.08627659,-0.47183812
516.59,0.08740830,-0.45185572
517.04,0.08802774,-0.43306720
517.50,0.08832536,-0.41549298
517.95,0.08871183,-0.39915341
518.41,0.08947328,-0.38406874
518.87,0.09055222,-0.36977087
519.32,0.09141366,-0.35676816
519.78,0.09177392,-0.34410406
520.23,0.09195750,-0.33228676
520.69,0.09241076,-0.32182438
521.14,0.09321919,-0.31176012
521.60,0.09407980,-0.30162537
522.06,0.09476918,-0.29241627
522.51,0.09555538,-0.28366407
522.97,0.09662336,-0.27587646
523.42,0.09742876,-0.26858451
523.88,0.09773647,-0.26180749
524.33,0.09807273,-0.25556460
524.79,0.09858767,-0.25036321
525.25,0.09913077,-0.24524580
525.70,0.09970369,-0.24071960
526.16,0.10015301,-0.23729177
526.61,0.10052216,-0.23498110
527.07,0.10098748,-0.23331803
527.52,0.10142541,-0.23183292
527.98,0.10196924,-0.23152090
528.43,0.10271497,-0.23142390
528.89,0.10330845,-0.23253689
529.34,0.10374148,-0.23390166
529.80,0.10416545,-0.23602474
530.25,0.10437056,-0.23892433
530.71,0.10439655,-0.24213027
531.16,0.10472233,-0.24566059
531.62,0.10544639,-0.25099811
532.07,0.10616332,-0.25620760
532.53,0.10686817,-0.26179516
532.98,0.10785668,-0.26729028
533.44,0.10889311,-0.27222234
533.89,0.10952669,-0.27758552
534.35,0.10965255,-0.28193251
534.80,0.10940025,-0.28625734
535.26,0.10898533,-0.29057741
535.71,0.10869280,-0.29393348
536.17,0.10881971,-0.29585454
536.62,0.10936726,-0.29782260
537.08,0.10996129,-0.29790167
537.53,0.11048793,-0.29757364
537.99,0.11117081,-0.29587893
538.44,0.11208280,-0.29234618
538.90,0.11322564,-0.28796879
539.35,0.11454133,-0.28081042
539.81,0.11595871,-0.27235263
540.26,0.11728622,-0.26212377
540.72,0.11816959,-0.25062873
541.17,0.11875023,-0.23788400
541.62,0.11935100,-0.22390605
542.08,0.12006247,-0.20871125
542.53,0.12121752,-0.19280420
542.99,0.12306675,-0.17571288
543.44,0.12525735,-0.15794177
543.90,0.12724071,-0.13950698
544.35,0.12870397,-0.11993631
544.80,0.12958860,-0.09924574
545.26,0.13023050,-0.07891607
545.71,0.13113897,-0.05701005
546.17,0.13245477,-0.03549660
546.62,0.13397213,-0.01292665
547.08,0.13552788,0.01019585
547.53,0.13712257,0.03385526
547.98,0.13873759,0.05754773
548.44,0.14039009,0.08174605
548.89,0.14230046,0.10643476
549.35,0.14461626,0.13062191
549.80,0.14698261,0.15429218
550.25,0.14882568,0.17840687
550.71,0.15020953,0.20197421
551.16,0.15172337,0.22546733
551.62,0.15344195,0.24838286
552.07,0.15493909,0.27070576
552.52,0.15612079,0.29242107
552.98,0.15713775,0.31400215
553.43,0.15812075,0.33348103
553.88,0.15940217,0.35328429
554.34,0.16098689,0.37193236
554.79,0.16250764,0.38941056
555.25,0.16389783,0.40619252
555.70,0.16501486,0.42177541
556.15,0.16573231,0.43565640
556.61,0.16633030,0.44830934
557.06,0.16707852,0.46020808
557.51,0.16792750,0.47085000
557.97,0.16872120,0.48022079
558.42,0.16946823,0.48781794
558.87,0.16984922,0.49362726
559.33,0.16955654,0.49909944
559.78,0.16920030,0.50275558
560.23,0.16938851,0.50555820
560.69,0.16979484,0.50798161
561.14,0.17003539,0.50952360
561.59,0.17024758,0.51065860
562.05,0.17041011,0.51088450
562.50,0.17018469,0.51067581
562.95,0.16962386,0.51050712
563.41,0.16924821,0.50987647
563.86,0.16914063,0.50877026
564.31,0.16890886,0.50766321
564.76,0.16879582,0.50654182
565.22,0.16931779,0.50539262
565.67,0.16990351,0.50420222
566.12,0.17003202,0.50295725
566.58,0.17055078,0.50164442
567.03,0.17194777,0.50025046
567.48,0.17353494,0.49925045
567.93,0.17464878,0.49814295
568.39,0.17508111,0.49740314
568.84,0.17516270,0.49604140
569.29,0.17540852,0.49599784
569.75,0.17585651,0.49530636
570.20,0.17651371,0.49541891
570.65,0.17758854,0.49534606
571.10,0.17888764,0.49556326
571.56,0.18011011,0.49556947
572.01,0.18141417,0.49584024
572.46,0.18295921,0.49636289
572.91,0.18462046,0.49614824
573.37,0.18631365,0.49567198
573.82,0.18815938,0.49589814
574.27,0.19025947,0.49534938
574.72,0.19236922,0.49498983
575.18,0.19407191,0.49480707
575.63,0.19533665,0.49478877
576.08,0.19679726,0.49492260
576.53,0.19875172,0.49519632
576.98,0.20049901,0.49559769
577.44,0.20174882,0.49660283
577.89,0.20317014,0.49722304
578.34,0.20516671,0.49891109
578.79,0.20757722,0.50067837
579.25,0.21018636,0.50300116
579.70,0.21266559,0.50586752
580.15,0.21481860,0.50926553
580.60,0.21675531,0.51367160
581.05,0.21841471,0.51858564
581.51,0.21973013,0.52350757
581.96,0.22102592,0.52989051
582.41,0.22262628,0.53723448
582.86,0.22437023,0.54552783
583.31,0.22568224,0.55475894
583.76,0.22621957,0.56393968
584.22,0.22634793,0.57452336
584.67,0.22620733,0.58454539
585.12,0.22550406,0.59594743
585.57,0.22462973,0.60822980
586.02,0.22422582,0.61991630
586.47,0.22440760,0.63197216
586.93,0.22495894,0.64389782
587.38,0.22540072,0.65568204
587.83,0.22526510,0.66682534
588.28,0.22486696,0.67682828
588.73,0.22489197,0.68665630
589.18,0.22493843,0.69483346
589.63,0.22421586,0.70232530
590.09,0.22291625,0.70912081
590.54,0.22150560,0.71374418
590.99,0.22036530,0.71716104
591.44,0.21989591,0.71838396
591.89,0.21986515,0.71691380
592.34,0.21967153,0.71420460
592.79,0.21920709,0.70975730
593.25,0.21890070,0.70404945
593.70,0.21881950,0.69658209
594.15,0.21846006,0.68783282
594.60,0.21788994,0.67730275
595.05,0.21762764,0.66449302
595.50,0.21790064,0.65085792
595.95,0.21878473,0.63687523
596.40,0.22011255,0.62155792
596.85,0.22176489,0.60636039
597.30,0.22367274,0.59127225
597.76,0.22540594,0.57628314
598.21,0.22693858,0.56235929
598.66,0.22881079,0.54900213
599.11,0.23123829,0.53620141
599.56,0.23396276,0.52443519
600.01,0.23656038,0.51369329
600.46,0.23919032,0.50396557
600.91,0.24276957,0.49573020
601.36,0.24722804,0.49044194
601.81,0.25131832,0.48711419
602.26,0.25461927,0.48524866
602.71,0.25779802,0.48434711
603.16,0.26138181,0.48537615
603.61,0.26515697,0.48734932
604.06,0.26881027,0.49074503
604.51,0.27267385,0.49604174
604.97,0.27702221,0.50322964
605.42,0.28128014,0.51132240
605.87,0.28483978,0.52031028
606.32,0.28781273,0.53067188
606.77,0.29062179,0.54190925
607.22,0.29334236,0.55352446
607.67,0.29558272,0.56550792
608.12,0.29716124,0.57882663
608.57,0.29804865,0.59200621
609.02,0.29843789,0.60552543
609.47,0.29922566,0.61937483
609.92,0.30029452,0.63305670
610.37,0.30016276,0.64704990
610.82,0.29892068,0.66085678
611.27,0.29788475,0.67446800
611.72,0.29697953,0.68738598
612.17,0.29601982,0.70008972
612.62,0.29530380,0.71256996
613.07,0.29406701,0.72384094
613.52,0.29179460,0.73438176
613.97,0.28869056,0.74418325
614.42,0.28482285,0.75274803
614.87,0.28105847,0.76006699
615.32,0.27809722,0.76613108
615.77,0.27518457,0.77093127
616.22,0.27194606,0.77445856
616.67,0.26915818,0.77621571
617.12,0.26719442,0.77668205
617.56,0.26558383,0.77487212
618.01,0.26374799,0.77077704
618.46,0.26136389,0.76389967
618.91,0.25841193,0.75569605
619.36,0.25554401,0.74518082
619.81,0.25379550,0.73332179
620.26,0.25338856,0.72011022
620.71,0.25392121,0.70553741
621.16,0.25484562,0.68959470
621.61,0.25522033,0.67178516
622.06,0.25479848,0.65258845
622.51,0.25452293,0.63248427
622.96,0.25482561,0.61195235
623.41,0.25512988,0.59098415
623.86,0.25522888,0.56957118
624.30,0.25542805,0.54819325
624.75,0.25575758,0.52781846
625.20,0.25651127,0.50795014
625.65,0.25832081,0.48906817
626.10,0.26087695,0.47116418
626.55,0.26351436,0.45374158
627.00,0.26640876,0.43776860
627.45,0.26953840,0.42323698
627.90,0.27227180,0.41013847
628.35,0.27447775,0.39797655
628.79,0.27681875,0.38967272
629.24,0.27984669,0.38375398
629.69,0.28339216,0.37923560
630.14,0.28724776,0.37659777
630.59,0.29105672,0.37534410
631.04,0.29403389,0.37546653
631.49,0.29594247,0.37646875
631.94,0.29736539,0.37883103
632.38,0.29904080,0.38254539
632.83,0.30082927,0.38711557
633.28,0.30214910,0.39302195
633.73,0.30343394,0.39928003
634.18,0.30523528,0.40685852
634.63,0.30704312,0.41477298
635.08,0.30784642,0.42350387
635.52,0.30695551,0.43206683
635.97,0.30482577,0.44143064
636.42,0.30289594,0.45061098
636.87,0.30201531,0.46057669
637.32,0.30167479,0.47034350
637.77,0.30105620,0.48039202
638.21,0.29974324,0.48973802
638.66,0.29735991,0.49983873
639.11,0.29404067,0.50970997
639.56,0.29065424,0.51885589
640.01,0.28771513,0.52726893
640.45,0.28520878,0.53591812
640.90,0.28288263,0.54381939
641.35,0.28021081,0.55145354
641.80,0.27726385,0.55881311
642.25,0.27470555,0.56540239
642.69,0.27269209,0.57170224
643.14,0.27089910,0.57721700
643.59,0.26918448,0.58193931
644.04,0.26758823,0.58635009
644.49,0.26574376,0.58995376
644.93,0.26366881,0.59274303
645.38,0.26205320,0.59519889
645.83,0.26071892,0.59633755
646.28,0.25918812,0.59712834
646.72,0.25808548,0.59707578
647.17,0.25812529,0.59568441
647.62,0.25864554,0.59343536
648.07,0.25887603,0.58983321
648.51,0.25947938,0.58584741
648.96,0.26115694,0.58147087
649.41,0.26329491,0.57620826
649.86,0.26465154,0.57005252
650.30,0.26466492,0.56397319
650.75,0.26429560,0.55698673
651.20,0.26549204,0.54908614
651.65,0.26881195,0.54124105
652.09,0.27271448,0.53295622
652.54,0.27599698,0.52422476
652.99,0.27866422,0.51552805
653.43,0.28085866,0.50588267
653.88,0.28303604,0.49625833
654.33,0.28580933,0.48615992
654.78,0.28866286,0.47655720
655.22,0.29061364,0.46597856
655.67,0.29163915,0.45490550
656.12,0.29235115,0.44430785
656.56,0.29335336,0.43320233
657.01,0.29473983,0.42255881
657.46,0.29594957,0.41188232
657.90,0.29663461,0.40165450
658.35,0.29677733,0.39138042
658.80,0.29631125,0.38154175
659.25,0.29578808,0.37262017
659.69,0.29578375,0.36412084
660.14,0.29592573,0.35554892
660.59,0.29580497,0.34787444
661.03,0.29513163,0.34060259
661.48,0.29359701,0.33421518
661.93,0.29151054,0.32821745
662.37,0.28939032,0.32260294
662.82,0.28747002,0.31883006
663.27,0.28553815,0.31689241
663.71,0.28279271,0.31531874
664.16,0.27891521,0.31410268
664.60,0.27496950,0.31372616
665.05,0.27194586,0.31320628
665.50,0.26905451,0.31351329
665.94,0.26542781,0.31415261
666.39,0.26190236,0.31414140
666.84,0.25901894,0.31493825
667.28,0.25626131,0.31604864
667.73,0.25351463,0.31697806
668.17,0.25104035,0.31723205
668.62,0.24902217,0.31680441
669.07,0.24739607,0.31617726
669.51,0.24573746,0.31436791
669.96,0.24378550,0.31137022
670.41,0.24153056,0.30766636
670.85,0.23904775,0.30227370
671.30,0.23681692,0.29323303
671.74,0.23517583,0.28297970
672.19,0.23449557,0.27150770
672.64,0.23528879,0.25832272
673.08,0.23672103,0.24439532
673.53,0.23751485,0.22874298
673.97,0.23753754,0.21233628
674.42,0.23705258,0.19468101
674.86,0.23653467,0.17577125
675.31,0.23670996,0.15364795
675.76,0.23739363,0.13025837
676.20,0.23777431,0.10657319
676.65,0.23776664,0.08209827
677.09,0.23753423,0.05682778
677.54,0.23720268,0.03173248
677.98,0.23723148,0.00680654
678.43,0.23717121,-0.01795580
678.87,0.23605851,-0.04256031
679.32,0.23444168,-0.06603618
679.77,0.23336960,-0.08838914
680.21,0.23276541,-0.10962490
680.66,0.23220270,-0.13072573
681.10,0.23165633,-0.15023245
681.55,0.23108517,-0.16863902
681.99,0.23034225,-0.18595108
682.44,0.22960537,-0.20217426
682.88,0.22909121,-0.21682589
683.33,0.22805752,-0.22991156
683.77,0.22541446,-0.23997202
684.22,0.22164018,-0.24847767
684.66,0.21775988,-0.25543405
685.11,0.21378788,-0.26084669
685.55,0.21004700,-0.26472112
686.00,0.20743132,-0.26657454
686.44,0.20600388,-0.26690071
686.89,0.20494462,-0.26619339
687.33,0.20365366,-0.26299317
687.78,0.20201993,-0.25730550
688.22,0.19996330,-0.24815922
688.67,0.19762769,-0.23800114
689.11,0.19520420,-0.22634837
689.56,0.19235256,-0.21369454
690.00,0.18918222,-0.20004503
690.45,0.18653597,-0.18589345
690.89,0.18430588,-0.17075683
691.34,0.18184732,-0.15561704
691.78,0.17970238,-0.13999110
692.22,0.17857750,-0.12144288
692.67,0.17776967,-0.10193075
693.11,0.17653211,-0.08341310
693.56,0.17546916,-0.06589514
694.00,0.17498153,-0.04987037
694.45,0.17447023,-0.03534399
694.89,0.17366846,-0.02329775
695.34,0.17273987,-0.01373681
695.78,0.17166924,-0.00666634
696.22,0.17052647,-0.00355630
696.67,0.16963370,-0.00978293
697.11,0.16927579,-0.02095679
697.56,0.16934159,-0.03561813
698.00,0.16935100,-0.05426032
698.44,0.16904836,-0.07640014
698.89,0.16846348,-0.10204264
699.33,0.16766887,-0.13168113
699.78,0.16709861,-0.16483236
700.22,0.16699235,-0.20150133
700.67,0.16698842,-0.24169303
701.11,0.16701274,-0.29517806
701.55,0.16733227,-0.35268405
702.00,0.16789089,-0.41275110
702.44,0.16810314,-0.47440758
702.88,0.16757037,-0.53717013
703.33,0.16681724,-0.59957881
703.77,0.16672727,-0.66163852
704.22,0.16743967,-0.72286585
704.66,0.16820965,-0.78180082
705.10,0.16871624,-0.83844828
705.55,0.16907447,-0.88500057
705.99,0.16894176,-0.92488047
706.43,0.16826113,-0.96102250
706.88,0.16753509,-0.99294315
707.32,0.16715628,-1.02113550
707.76,0.16726381,-1.04511602
708.21,0.16754069,-1.06488948
708.65,0.16740204,-1.07997233
709.09,0.16703131,-1.08988102
709.54,0.16708690,-1.09510854
709.98,0.16755949,-1.08931193
710.42,0.16803316,-1.07054277
710.87,0.16828682,-1.04710650
711.31,0.16812633,-1.02047263
711.75,0.16735684,-0.99064581
712.20,0.16647530,-0.95860723
712.64,0.16636563,-0.92533807
713.08,0.16667558,-0.89084295
713.53,0.16614316,-0.85610303
713.97,0.16440591,-0.82209943
714.41,0.16212361,-0.78883675
714.86,0.16004155,-0.76852656
715.30,0.15853702,-0.74994293
715.74,0.15762474,-0.73309041
716.18,0.15684303,-0.71846178
716.63,0.15580374,-0.70606156
717.07,0.15479716,-0.69540595
717.51,0.15391624,-0.68698772
717.96,0.15299344,-0.68081133
718.40,0.15216879,-0.67688125
718.84,0.15139234,-0.67520190
719.28,0.15071344,-0.68163710
719.73,0.15056063,-0.69765612
720.17,0.15060219,-0.71545084
720.61,0.14986402,-0.73453740
721.05,0.14847241,-0.75345531
721.50,0.14758125,-0.77172068
721.94,0.14775476,-0.78933786
722.38,0.14870361,-0.80533462
722.82,0.15021185,-0.81873875
723.27,0.15251307,-0.82906628
723.71,0.15549187,-0.83632151
724.15,0.15843646,-0.82634859
724.59,0.16111321,-0.80696431
725.04,0.16399644,-0.78305574
725.48,0.16737792,-0.75560372
725.92,0.17110474,-0.72461248
726.36,0.17523453,-0.69057456
726.80,0.18001486,-0.65349417
727.25,0.18504891,-0.61435210
727.69,0.18946223,-0.57217598
728.13,0.19272455,-0.52794656
728.57,0.19527774,-0.48264459
729.01,0.19832624,-0.42455549
729.46,0.20233404,-0.36393731
729.90,0.20635923,-0.30372390
730.34,0.20909914,-0.24440766
730.78,0.21029625,-0.18696929
731.22,0.21059557,-0.13287773
731.67,0.21020626,-0.08262536
732.11,0.20936983,-0.03719285
732.55,0.20902315,0.00243918
732.99,0.20949082,0.03529009
733.43,0.20965863,0.06037927
733.87,0.20796682,0.05133547
734.32,0.20402675,0.02670937
734.76,0.19912394,-0.00569057
735.20,0.19468883,-0.04489179
735.64,0.19096275,-0.08992173
736.08,0.18784541,-0.14127266
736.52,0.18550238,-0.19699544
736.97,0.18370555,-0.25709403
737.41,0.18205483,-0.32108410
737.85,0.18073471,-0.38750477
738.29,0.18006448,-0.45635997
738.73,0.17988794,-0.53204815
739.17,0.17975877,-0.61213182
739.61,0.17925206,-0.69173207
740.05,0.17845905,-0.76987624
740.50,0.17756305,-0.84510336
740.94,0.17608099,-0.91644074
741.38,0.17410587,-0.98291568
741.82,0.17299868,-1.04306720
742.26,0.17391011,-1.09641084
742.70,0.17656514,-1.14099731
743.14,0.17918913,-1.17634216
743.58,0.17981921,-1.18926560
744.02,0.17815071,-1.15926362
744.46,0.17591002,-1.11905485
744.91,0.17542351,-1.06913135
745.35,0.17764120,-1.01096174
745.79,0.18133188,-0.94503805
746.23,0.18404158,-0.87234060
746.67,0.18368414,-0.79384970
747.11,0.18034960,-0.71005734
747.55,0.17739895,-0.62292038
747.99,0.17920426,-0.53195424
748.43,0.18604934,-0.43911575
748.87,0.19186748,-0.34489688
749.31,0.19080176,-0.24978959
749.75,0.18602582,-0.15477412
750.19,0.18695709,-0.06180724
750.63,0.19722026,0.02910739
751.07,0.20911994,0.11698956
751.51,0.21214234,0.20037081
751.96,0.20587393,0.27924751
752.40,0.20176157,0.35215120
752.84,0.21044681,0.41810172
753.28,0.22934326,0.47660719
753.72,0.24503502,0.52375779
754.16,0.24535780,0.53415931
754.60,0.22921022,0.53564021
755.04,0.20889312,0.52819695
755.48,0.20263786,0.51280254
755.92,0.22168521,0.48945344
756.36,0.26211303,0.45814613
756.80,0.30638978,0.42034193
757.24,0.33296876,0.37603733
757.68,0.32954246,0.32474055
758.12,0.29993979,0.26840123
758.56,0.25932496,0.20603932
759.00,0.22635495,0.13667479
759.44,0.21837000,0.05688621
759.88,0.24686969,-0.02698223
760.32,0.31392445,-0.11395740
760.76,0.41184445,-0.20355445
761.20,0.52694571,-0.29431198
761.64,0.64537709,-0.38623341
762.07,0.75312101,-0.47834556
762.51,0.83603582,-0.57016358
762.95,0.88724110,-0.66022599
763.39,0.91031061,-0.74853620
763.83,0.91378025,-0.83412100
764.27,0.90400469,-0.91551891
764.71,0.88147496,-0.99126846
765.15,0.84353629,-1.06234955
765.59,0.79184743,-1.12778896
766.03,0.73374846,-1.18710174
766.47,0.67508096,-1.23931464
766.91,0.61839729,-1.28394269
767.35,0.56640087,-1.32050093
767.79,0.52035627,-1.34801608
768.23,0.47842523,-1.36600315
768.67,0.43805285,-1.37348886
769.10,0.39743457,-1.37047647
769.54,0.35506878,-1.35550441
769.98,0.30943269,-1.28804859
770.42,0.26014151,-1.20912787
770.86,0.21011104,-1.11972205
771.30,0.16547746,-1.02081093
771.74,0.13170282,-0.91337429
772.18,0.11020487,-0.79888018
772.62,0.09918758,-0.67782009
773.06,0.09550481,-0.55117378
773.49,0.09568326,-0.41992100
773.93,0.09729221,-0.28504149
774.37,0.09924018,-0.14702669
774.81,0.10135965,-0.00783291
775.25,0.10418642,0.13302499
775.69,0.10781453,0.27407902
776.13,0.11155181,0.41386119
776.57,0.11551475,0.55139182
777.00,0.12259179,0.68569120
777.44,0.13672404,0.81577968
777.88,0.15787922,0.94018929
778.32,0.18266103,1.05891695
778.76,0.20817126,1.17000642
779.20,0.23210458,1.27247807
779.63,0.25271059,1.36632882
780.07,0.27006453,1.44911420
780.51,0.28704625,1.51936630
780.95,0.30868102,1.54192582
781.39,0.33628417,1.55292253
781.83,0.36258224,1.55186511
782.26,0.38323212,1.53972710
782.70,0.40695706,1.51699375
783.14,0.43788401,1.48366205
783.58,0.46375832,1.43972899
784.02,0.47785045,1.38665643
784.45,0.49237636,1.32346480
784.89,0.51478103,1.25161597
785.33,0.52733960,1.17159523
785.77,0.50965817,1.08242307
786.21,0.46432347,0.98067855
786.64,0.40349022,0.85903450
787.08,0.34341697,0.73115984
787.52,0.31818834,0.59753992
787.96,0.35436734,0.45914838
788.40,0.42886485,0.31793540
788.83,0.48242525,0.17438636
789.27,0.47733883,0.02898663
789.71,0.42856286,-0.11680186
790.15,0.38366280,-0.26151714
790.58,0.38501838,-0.40516212
791.02,0.45656418,-0.54627482
791.46,0.60474456,-0.68339328
791.90,0.79378837,-0.81310240
792.33,0.93717757,-0.93149878
792.77,0.95783044,-1.04346808
793.21,0.85989247,-1.14852488
793.65,0.71627403,-1.24618372
794.08,0.58874578,-1.33595917
794.52,0.49304668,-1.41638919
794.96,0.42649739,-1.48747660
795.39,0.39051347,-1.54824765
795.83,0.38789905,-1.59821687
796.27,0.40693632,-1.63641049
796.71,0.41850898,-1.66234300
797.14,0.40891262,-1.67552893
797.58,0.39673717,-1.66474056
798.02,0.40279520,-1.58896505
798.45,0.43816231,-1.49996297
798.89,0.51686461,-1.40017848
799.33,0.63822437,-1.29059088
799.77,0.76670188,-1.17266777
800.20,0.86901835,-1.04738845
800.64,0.94868735,-0.91670876
801.08,1.00000000,-0.78209626
801.51,0.98427434,-0.64453025
801.95,0.89474678,-0.50596654
802.39,0.77828354,-0.36738440
802.82,0.67714006,-0.22976309
803.26,0.59561905,-0.09554671
803.70,0.52063100,0.00743004
804.13,0.44994602,0.09918402
804.57,0.39180506,0.18557192
805.01,0.34815978,0.26610280
805.44,0.31640781,0.34126230
805.88,0.29960085,0.41007120
806.31,0.30240321,0.47203857
806.75,0.32419369,0.52765007
807.19,0.35626191,0.57592650
807.62,0.38154955,0.61686524
808.06,0.38568497,0.64948711
808.50,0.37177585,0.67476605
808.93,0.35962092,0.69123464
809.37,0.37273888,0.69107776
809.81,0.42350257,0.65476157
810.24,0.50071311,0.61011553
810.68,0.57536573,0.55860189
811.11,0.62381884,0.50070638
811.55,0.64199669,0.43691469
811.99,0.63839804,0.36868911
812.42,0.62065876,0.29700366
812.86,0.59366251,0.22185579
813.29,0.56608509,0.14470780
813.73,0.54917412,0.06653371
814.16,0.54433138,-0.01266901
814.60,0.54155580,-0.09143802
815.04,0.53589906,-0.16879930
815.47,0.53233723,-0.23254830
815.91,0.53338421,-0.27780474
816.34,0.53444933,-0.32068439
816.78,0.52987508,-0.36118974
817.21,0.51608018,-0.39883500
817.65,0.49284048,-0.43459921
818.09,0.46540718,-0.46750829
818.52,0.44011226,-0.49854126
818.96,0.41819021,-0.52721230
819.39,0.39678556,-0.55401217
819.83,0.37458204,-0.57796674
820.26,0.35379158,-0.60005502
820.70,0.33537963,-0.61979117
821.13,0.31706390,-0.63766591
821.57,0.29688972,-0.65172853
822.00,0.27450837,-0.66198147
822.44,0.24997647,-0.67038027
822.87,0.22445842,-0.67692732
823.31,0.20065922,-0.68162505
823.75,0.18037743,-0.68496412
824.18,0.16330650,-0.68743522
824.62,0.14768790,-0.68855245
825.05,0.13116002,-0.68831819
825.49,0.11334540,-0.68771138
825.92,0.09644561,-0.68575784
826.36,0.08240258,-0.68343648
826.79,0.07167647,-0.68074967
827.23,0.06414401,-0.67769976
827.66,0.05972317,-0.67575395
828.09,0.05804221,-0.67686770
828.53,0.05819926,-0.67811366
828.96,0.05965585,-0.67949417
829.40,0.06239186,-0.68052326
829.83,0.06577314,-0.68169155
830.27,0.06897605,-0.68300134
830.70,0.07202665,-0.68396668
831.14,0.07509293,-0.68507813
831.57,0.07820619,-0.68633800
832.01,0.08180339,-0.68726031
832.44,0.08645704,-0.68833562
832.88,0.09208020,-0.68907794
833.31,0.09760213,-0.69046610
833.74,0.10207206,-0.69152581
834.18,0.10542674,-0.69518904
834.61,0.10788602,-0.69999319
835.05,0.10956837,-0.70447569
835.48,0.11038622,-0.70863877
835.92,0.11030459,-0.71248470
836.35,0.10975202,-0.71601570
836.78,0.10935299,-0.71874573
837.22,0.10911495,-0.72116530
837.65,0.10784915,-0.72278837
838.09,0.10428198,-0.72312886
838.52,0.09864133,-0.72267727
838.95,0.09220854,-0.72094753
839.39,0.08600788,-0.71843012
839.82,0.08012209,-0.71463897
840.26,0.07395685,-0.70908798
840.69,0.06737145,-0.69347857
841.12,0.06099455,-0.67660198
841.56,0.05551724,-0.65821625
841.99,0.05116009,-0.63856769
842.43,0.04786430,-0.61814675
842.86,0.04575718,-0.59695560
843.29,0.04486510,-0.57499640
843.73,0.04481070,-0.55251544
844.16,0.04532396,-0.52951486
844.59,0.04672535,-0.50624096
845.03,0.04939858,-0.48269587
845.46,0.05306766,-0.45937000
845.89,0.05711715,-0.43602136
846.33,0.06100055,-0.41289619
846.76,0.06446604,-0.39024076
847.19,0.06770318,-0.37098687
847.63,0.07073761,-0.35220695
848.06,0.07308652,-0.33414724
848.49,0.07448701,-0.31656570
848.93,0.07546210,-0.30019684
849.36,0.07654280,-0.28431033
849.79,0.07798322,-0.26939655
850.23,0.08060365,-0.25545756
850.66,0.08508504,-0.24249545
851.09,0.09123624,-0.23075644
851.53,0.09844088,-0.21999843
851.96,0.10544327,-0.21046764
852.39,0.11134507,-0.20241027
852.82,0.11656219,-0.19558422
853.26,0.12126680,-0.18999154
853.69,0.12533153,-0.19271436
854.12,0.12953519,-0.19789533
854.56,0.13445775,-0.20455993
854.99,0.13967795,-0.21197777
855.42,0.14459082,-0.22063915
855.85,0.14868071,-0.23005781
856.29,0.15172996,-0.23999162
856.72,0.15441408,-0.25044259
857.15,0.15766851,-0.26141274
857.59,0.16164179,-0.27241578
858.02,0.16597725,-0.28394198
858.45,0.17038292,-0.29501679
858.88,0.17475518,-0.30613046
859.32,0.17926934,-0.31679670
859.75,0.18372908,-0.32701750
860.18,0.18715957,-0.33459754
860.61,0.18953355,-0.33782984
861.04,0.19183847,-0.34037845
861.48,0.19400652,-0.34224534
861.91,0.19576693,-0.34318832
862.34,0.19795166,-0.34394177
862.77,0.20097838,-0.34353108
863.21,0.20400587,-0.34269061
863.64,0.20641764,-0.34093402
864.07,0.20833237,-0.33875152
864.50,0.20948137,-0.33565676
864.93,0.20943369,-0.33213995
865.37,0.20907119,-0.32771474
865.80,0.20980162,-0.32262717
866.23,0.21123397,-0.31687916
866.66,0.21214841,-0.31071677
867.09,0.21249916,-0.30243291
867.53,0.21258417,-0.29300604
867.96,0.21210666,-0.28292634
868.39,0.21081177,-0.27219571
868.82,0.20909591,-0.26106016
869.25,0.20795408,-0.24952160
869.68,0.20805625,-0.23733774
870.12,0.20841857,-0.22499876
870.55,0.20781834,-0.21201823
870.98,0.20698420,-0.19913046
871.41,0.20719458,-0.18584901
871.84,0.20834514,-0.17241989
872.27,0.20918891,-0.15860081
872.70,0.20865246,-0.14488190
873.14,0.20693270,-0.13102088
873.57,0.20532442,-0.11726371
874.00,0.20503510,-0.10410052
874.43,0.20600495,-0.09128901
874.86,0.20732532,-0.07858685
875.29,0.20845359,-0.06599589
875.72,0.20896733,-0.05351793
876.16,0.20837868,-0.04115480
876.59,0.20710279,-0.02890831
877.02,0.20613482,-0.01702441
877.45,0.20580339,-0.00526077
877.88,0.20565308,0.00638082
878.31,0.20503551,0.01789856
878.74,0.20400011,0.02904651
879.17,0.20334724,0.03982287
879.60,0.20332765,0.05047002
880.03,0.20307104,0.06074202
880.46,0.20190782,0.07063710
880.90,0.20053100,0.07990934
881.33,0.20012574,0.08782455
881.76,0.20072410,0.09560167
882.19,0.20142510,0.10299479
882.62,0.20217835,0.11000216
883.05,0.20333842,0.11662202
883.48,0.20430861,0.12309676
883.91,0.20492257,0.12918049
884.34,0.20576668,0.13487148
884.77,0.20624790,0.14041212
885.20,0.20572857,0.14580067
885.63,0.20535276,0.15054713
886.06,0.20600768,0.15538219
886.49,0.20695712,0.16005998
886.92,0.20770807,0.16433464
887.35,0.20850090,0.16844860
887.78,0.20875147,0.17215600
888.21,0.20796787,0.17569928
888.64,0.20699015,0.17907672
889.07,0.20636494,0.18204249
889.50,0.20566220,0.18508318
889.93,0.20459590,0.18770879
890.36,0.20379090,0.19040593
890.79,0.20410991,0.19292877
891.22,0.20526767,0.19551976
891.65,0.20600963,0.19793309
892.08,0.20600065,0.20016707
892.51,0.20628462,0.20222004
892.94,0.20734777,0.20433447
893.37,0.20835746,0.20650869
893.80,0.20813441,0.20849691
894.23,0.20655562,0.21054159
894.66,0.20482131,0.21264109
895.09,0.20384126,0.21479377
895.52,0.20353796,0.21626554
895.95,0.20361307,0.21754304
896.38,0.20386158,0.21911292
896.81,0.20349204,0.22072941
897.24,0.20162318,0.22239086
897.67,0.19845428,0.22433979
898.10,0.19462781,0.22657457
898.53,0.19057338,0.22884943
898.96,0.18642783,0.23140691
899.39,0.18223202,0.23448953
899.82,0.17864315,0.23760738
900.25,0.17640683,0.24100301
900.68,0.17536024,0.24516309
901.11,0.17479003,0.24935359
901.53,0.17377975,0.25406120
901.96,0.17134945,0.25952847
902.39,0.16737218,0.26526551
902.82,0.16296790,0.27395630
903.25,0.15955013,0.28364612
903.68,0.15758046,0.29384510
904.11,0.15597049,0.30455167
904.54,0.15314539,0.31576426
904.97,0.14922415,0.32723715
905.40,0.14572787,0.33896877
905.83,0.14353386,0.35120171
906.25,0.14245217,0.36344611
906.68,0.14144822,0.37618871
907.11,0.13957967,0.38918380
907.54,0.13727817,0.40218569
907.97,0.13553410,0.41568112
908.40,0.13434361,0.42893612
908.83,0.13272998,0.44243743
909.25,0.13018206,0.45618351
909.68,0.12749329,0.46992869
910.11,0.12548338,0.48342729
910.54,0.12405098,0.49643365
910.97,0.12319152,0.50967865
911.40,0.12320858,0.52291665
911.83,0.12362555,0.53590197
912.25,0.12314149,0.54887725
912.68,0.12107446,0.56159682
913.11,0.11826627,0.57430333
913.54,0.11590294,0.58675112
913.97,0.11422992,0.59918284
914.40,0.11282571,0.61110870
914.82,0.11141339,0.62301548
915.25,0.11036772,0.63441342
915.68,0.11030780,0.64554515
916.11,0.11097146,0.65665335
916.54,0.11134074,0.66700409
916.96,0.11099793,0.67732832
917.39,0.11023766,0.68713628
917.82,0.10903344,0.69544994
918.25,0.10701700,0.70275610
918.68,0.10446562,0.70978571
919.10,0.10238063,0.71629318
919.53,0.10130873,0.72252117
919.96,0.10083890,0.72822410
920.39,0.10042804,0.73340049
920.81,0.09997474,0.73853718
921.24,0.09939926,0.74290031
921.67,0.09840116,0.74722083
922.10,0.09690575,0.75100903
922.52,0.09531204,0.75450761
922.95,0.09423574,0.75771513
923.38,0.09384429,0.76063014
923.81,0.09344995,0.76300709
924.23,0.09241238,0.76508868
924.66,0.09100371,0.76687349
925.09,0.08964317,0.76836008
925.52,0.08826698,0.76905877
925.94,0.08681736,0.76945640
926.37,0.08539218,0.76955158
926.80,0.08390122,0.76934289
927.23,0.08212976,0.76882891
927.65,0.08027692,0.76825239
928.08,0.07885739,0.76736777
928.51,0.07780285,0.76617367
928.93,0.07652731,0.76466868
929.36,0.07484316,0.76309555
929.79,0.07283734,0.76145288
930.21,0.07050877,0.75949516
930.64,0.06827651,0.75770927
931.07,0.06656561,0.75536141
931.50,0.06497270,0.75318262
931.92,0.06310774,0.75092739
932.35,0.06145170,0.74859434
932.78,0.06041939,0.74618210
933.20,0.05962548,0.74368929
933.63,0.05890528,0.74062628
934.06,0.05847550,0.73772413
934.48,0.05789908,0.73498146
934.91,0.05644617,0.73215279
935.34,0.05428959,0.72923676
935.76,0.05256745,0.72647615
936.19,0.05200333,0.72386963
936.62,0.05216310,0.72141584
937.04,0.05235865,0.71911344
937.47,0.05221438,0.71696108
937.89,0.05155134,0.71520158
938.32,0.05061079,0.71334532
938.75,0.04984502,0.71187923
939.17,0.04928401,0.71055786
939.60,0.04860630,0.70962402
940.03,0.04771172,0.70907638
940.45,0.04683834,0.70866948
940.88,0.04614732,0.70889028
941.30,0.04573767,0.70949332
941.73,0.04557452,0.71169800
942.16,0.04518184,0.71452644
942.58,0.04435941,0.71748905
943.01,0.04357311,0.72082867
943.43,0.04316210,0.72454399
943.86,0.04291354,0.72863371
944.29,0.04252782,0.73334068
944.71,0.04198650,0.73817532
945.14,0.04133793,0.74362461
945.56,0.04064192,0.74919899
945.99,0.03989094,0.75538545
946.41,0.03894122,0.76169443
946.84,0.03795057,0.76861292
947.26,0.03732976,0.77589551
947.69,0.03702644,0.78354091
948.12,0.03651692,0.79130371
948.54,0.03556016,0.79967092
948.97,0.03453045,0.80839714
949.39,0.03395194,0.81772523
949.82,0.03380725,0.82863049
950.24,0.03350302,0.84013511
950.67,0.03282176,0.85174953
951.09,0.03233424,0.86371664
951.52,0.03228604,0.87603520
951.94,0.03225090,0.88845980
952.37,0.03200376,0.90098920
952.79,0.03157383,0.91386630
953.22,0.03099092,0.92708984
953.64,0.03033509,0.93992617
954.07,0.02968693,0.95335061
954.49,0.02923468,0.96638535
954.92,0.02918645,0.97976160
955.34,0.02942737,0.99298983
955.77,0.02952252,1.00631295
956.19,0.02917259,1.01972975
956.62,0.02844879,1.03275071
957.04,0.02752239,1.04586289
957.47,0.02666032,1.05882094
957.89,0.02612046,1.07089121
958.32,0.02574087,1.08280492
958.74,0.02513083,1.09431670
959.17,0.02418931,1.10566950
959.59,0.02316821,1.11686210
960.02,0.02243498,1.12789330
960.44,0.02215932,1.13851775
960.87,0.02189797,1.14897841
961.29,0.02119461,1.15927406
961.71,0.02037362,1.16891523
962.14,0.01975765,1.17863316
962.56,0.01927832,1.18793836
962.99,0.01899818,1.19682965
963.41,0.01892171,1.20555000
963.84,0.01878340,1.21385406
964.26,0.01840750,1.22149652
964.68,0.01798816,1.22920863
965.11,0.01781255,1.23625679
965.53,0.01780794,1.24288395
965.96,0.01765182,1.24908895
966.38,0.01714165,1.25242922
966.80,0.01629542,1.25461257
967.23,0.01526955,1.25637026
967.65,0.01429975,1.25794526
968.08,0.01358150,1.25909228
968.50,0.01309348,1.25981016
968.92,0.01277437,1.26058601
969.35,0.01268679,1.26093042
969.77,0.01272659,1.26108636
970.20,0.01255914,1.26129684
970.62,0.01215121,1.26107241
971.04,0.01185675,1.26114436
971.47,0.01184862,1.26102327
971.89,0.01200352,1.26070799
972.31,0.01215830,1.26068567
972.74,0.01217759,1.26071103
973.16,0.01189897,1.26053880
973.58,0.01135370,1.26090027
974.01,0.01089258,1.26130603
974.43,0.01069118,1.26175496
974.85,0.01059117,1.26761701
975.28,0.01051538,1.27791451
975.70,0.01050230,1.28825181
976.12,0.01044766,1.29838364
976.55,0.01015017,1.30855304
976.97,0.00956468,1.31875888
977.39,0.00893414,1.32851178
977.82,0.00873597,1.33805477
978.24,0.00922655,1.34689845
978.66,0.00990181,1.35528588
979.09,0.01008520,1.36297179
979.51,0.00976920,1.36971095
979.93,0.00923556,1.37574641
980.36,0.00866670,1.38083292
980.78,0.00822897,1.38472525
981.20,0.00795009,1.38766645
981.62,0.00772484,1.38916715
982.05,0.00748918,1.38947040
982.47,0.00726840,1.38808683
982.89,0.00707987,1.38525950
983.31,0.00683872,1.38074320
983.74,0.00650644,1.35378487
984.16,0.00623926,1.32293815
984.58,0.00616376,1.29064335
985.00,0.00618972,1.25714354
985.43,0.00621613,1.22268180
985.85,0.00616977,1.18774534
986.27,0.00594752,1.15208894
986.69,0.00567972,1.11619983
987.12,0.00555437,1.08032108
987.54,0.00549208,1.04469577
987.96,0.00541538,1.00932284
988.38,0.00540939,0.97468953
988.81,0.00558054,0.94079476
989.23,0.00584451,0.90788164
989.65,0.00594564,0.87643739
990.07,0.00591793,0.84646096
990.49,0.00597277,0.81819544
990.92,0.00587503,0.79163980
991.34,0.00547988,0.76752541
991.76,0.00525952,0.74560709
992.18,0.00532720,0.72637208
992.60,0.00529106,0.74424318
993.03,0.00518758,0.77065489
993.45,0.00528714,0.79999094
993.87,0.00553418,0.83078548
994.29,0.00568715,0.86376988
994.71,0.00552266,0.89772241
995.13,0.00511394,0.93288620
995.56,0.00483984,0.96877194
995.98,0.00479091,1.00513447
996.40,0.00472499,1.04148448
996.82,0.00446979,1.07782096
997.24,0.00402741,1.11341047
997.66,0.00357375,1.14825201
998.09,0.00334212,1.18185627
998.51,0.00346906,1.21422225
998.93,0.00383770,1.24461651
999.35,0.00411141,1.27279392
999.77,0.00410363,1.29875346
1000.19,0.00392505,1.32200586
1000.61,0.00369427,1.34206184
1001.04,0.00342861,1.35867625
1001.46,0.00322405,1.36647700
1001.88,0.00314959,1.36058029
1002.30,0.00310675,1.35075076
1002.72,0.00296927,1.33674326
1003.14,0.00269057,1.31855682
1003.56,0.00239927,1.29570216
1003.98,0.00234966,1.26842244
1004.40,0.00256677,1.23622840
1004.82,0.00280310,1.19911905
1005.25,0.00297129,1.15733756
1005.67,0.00313838,1.11039466
1006.09,0.00318201,1.05804524
1006.51,0.00296681,1.00053247
1006.93,0.00269495,0.93736710
1007.35,0.00260764,0.86879229
1007.77,0.00252974,0.79456294
1008.19,0.00231566,0.71418979
1008.61,0.00222764,0.62816017
1009.03,0.00234266,0.53574069
1009.45,0.00233846,0.43717453
1009.87,0.00210688,0.33221659
1010.29,0.00185580,0.22111006
1010.71,0.00171995,0.09799459
1011.13,0.00181265,-0.03835146
1011.55,0.00210195,-0.18133725
1011.97,0.00222436,-0.33096372
1012.39,0.00208618,-0.48723184
1012.81,0.00202484,-0.65014254
1013.23,0.00213226,-0.81945263
1013.65,0.00225051,-0.99565134
1014.08,0.00239381,-1.17825132
1014.50,0.00253537,-1.36725351
1014.92,0.00244664,-1.56290300
1015.34,0.00214058,-1.76495657
1015.76,0.00187451,-1.97365931
1016.18,0.00168741,-2.18852386
1016.60,0.00153161,-2.41003944
1017.01,0.00141866,-2.63820697
1017.43,0.00123975,-2.87229497
1017.85,0.00096736,-3.11303677
1018.27,0.00079962,-3.36018917
1018.69,0.00078210,-3.61375308
1019.11,0.00076390,-3.87348529
1019.53,0.00072084,-4.13963085
1019.95,0.00069331,-4.41194654
